ai_keywords,year,title,authors,url
True,2023,Log Parsing with Prompt-Based Few-Shot Learning,"Le, Van-Hoang, Zhang, Hongyu",https://doi.org/10.1109/ICSE48619.2023.00204
True,2023,Context-Aware Bug Reproduction for Mobile Apps,"Huang, Yuchao, Wang, Junjie, Liu, Zhe, Wang, Song, Chen, Chunyang, Li, Mingyang, Wang, Qing",https://doi.org/10.1109/ICSE48619.2023.00196
True,2023,Practical and Efficient Model Extraction of Sentiment Analysis APIs,"Wu, Weibin, Zhang, Jianping, Wei, Victor Junqiu, Chen, Xixian, Zheng, Zibin, King, Irwin, Lyu, Michael R.",https://doi.org/10.1109/ICSE48619.2023.00054
True,2023,Fine-Grained Commit-Level Vulnerability Type Prediction by CWE Tree Structure,"Pan, Shengyi, Bao, Lingfeng, Xia, Xin, Lo, David, Li, Shanping",https://doi.org/10.1109/ICSE48619.2023.00088
True,2023,RepresentThemAll: A Universal Learning Representation of Bug Reports,"Fang, Sen, Zhang, Tao, Tan, Youshuai, Jiang, He, Xia, Xin, Sun, Xiaobing",https://doi.org/10.1109/ICSE48619.2023.00060
True,2023,VULGEN: Realistic Vulnerability Generation Via Pattern Mining and Deep Learning,"Nong, Yu, Ou, Yuzhe, Pradel, Michael, Chen, Feng, Cai, Haipeng",https://doi.org/10.1109/ICSE48619.2023.00211
True,2023,Recommending Root-Cause and Mitigation Steps for Cloud Incidents Using Large Language Models,"Ahmed, Toufique, Ghosh, Supriyo, Bansal, Chetan, Zimmermann, Thomas, Zhang, Xuchao, Rajmohan, Saravan",https://doi.org/10.1109/ICSE48619.2023.00149
True,2023,AI-Based Question Answering Assistance for Analyzing Natural-Language Requirements,"Ezzini, Saad, Abualhaija, Sallam, Arora, Chetan, Sabetzadeh, Mehrdad",https://doi.org/10.1109/ICSE48619.2023.00113
True,2023,Automated Repair of Programs from Large Language Models,"Fan, Zhiyu, Gao, Xiang, Mirchev, Martin, Roychoudhury, Abhik, Tan, Shin Hwei",https://doi.org/10.1109/ICSE48619.2023.00128
True,2023,Automating Code-Related Tasks Through Transformers: The Impact of Pre-Training,"Tufano, Rosalia, Pascarella, Luca, Bavota, Gabriele",https://doi.org/10.1109/ICSE48619.2023.00203
True,2023,An Empirical Comparison of Pre-Trained Models of Source Code,"Niu, Changan, Li, Chuanyi, Ng, Vincent, Chen, Dongxiao, Ge, Jidong, Luo, Bin",https://doi.org/10.1109/ICSE48619.2023.00180
True,2023,Automated Summarization of Stack Overflow Posts,"Kou, Bonan, Chen, Muhao, Zhang, Tianyi",https://doi.org/10.1109/ICSE48619.2023.00158
True,2023,Automated Program Repair in the Era of Large Pre-Trained Language Models,"Xia, Chunqiu Steven, Wei, Yuxiang, Zhang, Lingming",https://doi.org/10.1109/ICSE48619.2023.00129
True,2023,Impact of Code Language Models on Automated Program Repair,"Jiang, Nan, Liu, Kevin, Lutellier, Thibaud, Tan, Lin",https://doi.org/10.1109/ICSE48619.2023.00125
True,2023,Fill in the Blank: Context-Aware Automated Text Input Generation for Mobile GUI Testing,"Liu, Zhe, Chen, Chunyang, Wang, Junjie, Che, Xing, Huang, Yuekai, Hu, Jun, Wang, Qing",https://doi.org/10.1109/ICSE48619.2023.00119
True,2023,CCTest: Testing and Repairing Code Completion Systems,"Li, Zongjie, Wang, Chaozheng, Liu, Zhibo, Wang, Haoxuan, Chen, Dong, Wang, Shuai, Gao, Cuiyun",https://doi.org/10.1109/ICSE48619.2023.00110
True,2023,Large Language Models are Few-Shot Testers: Exploring LLM-Based General Bug Reproduction,"Kang, Sungmin, Yoon, Juyeon, Yoo, Shin",https://doi.org/10.1109/ICSE48619.2023.00194
True,2023,CodaMosa: Escaping Coverage Plateaus in Test Generation with Pre-Trained Large Language Models,"Lemieux, Caroline, Inala, Jeevana Priya, Lahiri, Shuvendu K., Sen, Siddhartha",https://doi.org/10.1109/ICSE48619.2023.00085
True,2023,Explaining Software Bugs Leveraging Code Structures in Neural Machine Translation,"Mahbub, Parvez, Shuvo, Ohiduzzaman, Rahman, Mohammad Masudur",https://doi.org/10.1109/ICSE48619.2023.00063
True,2023,CrossCodeBench: Benchmarking Cross-Task Generalization of Source Code Models,"Niu, Changan, Li, Chuanyi, Ng, Vincent, Luo, Bin",https://doi.org/10.1109/ICSE48619.2023.00055
True,2023,Retrieval-Based Prompt Selection for Code-Related Few-Shot Learning,"Nashid, Noor, Sintaha, Mifta, Mesbah, Ali",https://doi.org/10.1109/ICSE48619.2023.00205
True,2023,On the Applicability of Language Models to Block-Based Programs,"Griebl, Elisabeth, Fein, Benedikt, Oberm\""{u",https://doi.org/10.1109/ICSE48619.2023.00199
True,2023,CCRep: Learning Code Change Representations via Pre-Trained Code Model and Query Back,"Liu, Zhongxin, Tang, Zhijie, Xia, Xin, Yang, Xiaohu",https://doi.org/10.1109/ICSE48619.2023.00014
True,2023,CoCoSoDa: Effective Contrastive Learning for Code Search,"Shi, Ensheng, Wang, Yanlin, Gu, Wenchao, Du, Lun, Zhang, Hongyu, Han, Shi, Zhang, Dongmei, Sun, Hongbin",https://doi.org/10.1109/ICSE48619.2023.00185
True,2023,Enhancing Deep Learning-Based Vulnerability Detection by Building Behavior Graph Model,"Yuan, Bin, Lu, Yifan, Fang, Yilin, Wu, Yueming, Zou, Deqing, Li, Zhen, Li, Zhi, Jin, Hai",https://doi.org/10.1109/ICSE48619.2023.00190
True,2023,ContraBERT: Enhancing Code Pre-Trained Models via Contrastive Learning,"Liu, Shangqing, Wu, Bozhi, Xie, Xiaofei, Meng, Guozhu, Liu, Yang",https://doi.org/10.1109/ICSE48619.2023.00207
True,2023,Silent Vulnerable Dependency Alert Prediction with Vulnerability Key Aspect Explanation,"Sun, Jiamou, Xing, Zhenchang, Lu, Qinghua, Xu, Xiwei, Zhu, Liming, Hoang, Thong, Zhao, Dehai",https://doi.org/10.1109/ICSE48619.2023.00089
True,2023,Syntax and Domain Aware Model for Unsupervised Program Translation,"Liu, Fang, Li, Jia, Zhang, Li",https://doi.org/10.1109/ICSE48619.2023.00072
True,2023,CoLeFunDa: Explainable Silent Vulnerability Fix Identification,"Zhou, Jiayuan, Pacheco, Michael, Chen, Jinfu, Hu, Xing, Xia, Xin, Lo, David, Hassan, Ahmed E.",https://doi.org/10.1109/ICSE48619.2023.00214
True,2023,Rete: Learning Namespace Representation for Program Repair,"Parasaram, Nikhil, Barr, Earl T., Mechtaev, Sergey",https://doi.org/10.1109/ICSE48619.2023.00112
True,2024,Lost in Translation: A Study of Bugs Introduced by Large Language Models while Translating Code,"Pan, Rangeet, Ibrahimzada, Ali Reza, Krishna, Rahul, Sankar, Divya, Wassi, Lambert Pouguem, Merler, Michele, Sobolev, Boris, Pavuluri, Raju, Sinha, Saurabh, Jabbarvand, Reyhaneh",https://doi.org/10.1145/3597503.3639226
True,2024,Evaluating Large Language Models in Class-Level Code Generation,"Du, Xueying, Liu, Mingwei, Wang, Kaixin, Wang, Hanlin, Liu, Junwei, Chen, Yixuan, Feng, Jiayi, Sha, Chaofeng, Peng, Xin, Lou, Yiling",https://doi.org/10.1145/3597503.3639219
True,2024,Make LLM a Testing Expert: Bringing Human-like Interaction to Mobile GUI Testing via Functionality-aware Decisions,"Liu, Zhe, Chen, Chunyang, Wang, Junjie, Chen, Mengzhuo, Wu, Boyu, Che, Xing, Wang, Dandan, Wang, Qing",https://doi.org/10.1145/3597503.3639180
True,2024,ChatGPT Incorrectness Detection in Software Reviews,"Tanzil, Minaoar Hossain, Khan, Junaed Younus, Uddin, Gias",https://doi.org/10.1145/3597503.3639194
True,2024,Automatic Semantic Augmentation of Language Model Prompts (for Code Summarization),"Ahmed, Toufique, Pai, Kunal Suresh, Devanbu, Premkumar, Barr, Earl",https://doi.org/10.1145/3597503.3639183
True,2024,LLMParser: An Exploratory Study on Using Large Language Models for Log Parsing,"Ma, Zeyang, Chen, An Ran, Kim, Dong Jae, Chen, Tse-Hsun, Wang, Shaowei",https://doi.org/10.1145/3597503.3639150
True,2024,Recovering Trace Links Between Software Documentation And Code,"Keim, Jan, Corallo, Sophie, Fuch\ss{",https://doi.org/10.1145/3597503.3639130
True,2024,On Calibration of Pre-trained Code Models,"Zhou, Zhenhao, Sha, Chaofeng, Peng, Xin",https://doi.org/10.1145/3597503.3639126
True,2024,When Neural Code Completion Models Size up the Situation: Attaining Cheaper and Faster Completion through Dynamic Model Inference,"Sun, Zhensu, Du, Xiaoning, Song, Fu, Wang, Shangwen, Li, Li",https://doi.org/10.1145/3597503.3639120
True,2024,Demystifying and Detecting Misuses of Deep Learning APIs,"Wei, Moshi, Harzevili, Nima Shiri, Huang, Yuekai, Yang, Jinqiu, Wang, Junjie, Wang, Song",https://doi.org/10.1145/3597503.3639177
True,2024,DivLog: Log Parsing with Prompt Enhanced In-Context Learning,"Xu, Junjielong, Yang, Ruichun, Huo, Yintong, Zhang, Chengyu, He, Pinjia",https://doi.org/10.1145/3597503.3639155
True,2024,BinaryAI: Binary Software Composition Analysis via Intelligent Binary Source Code Matching,"Jiang, Ling, An, Junwen, Huang, Huihui, Tang, Qiyi, Nie, Sen, Wu, Shi, Zhang, Yuqun",https://doi.org/10.1145/3597503.3639100
True,2024,Code Search is All You Need? Improving Code Suggestions with Code Search,"Chen, Junkai, Hu, Xing, Li, Zhenhao, Gao, Cuiyun, Xia, Xin, Lo, David",https://doi.org/10.1145/3597503.3639085
True,2024,PyTy: Repairing Static Type Errors in Python,"Chow, Yiu Wai, Di Grazia, Luca, Pradel, Michael",https://doi.org/10.1145/3597503.3639184
True,2024,VGX: Large-Scale Sample Generation for Boosting Learning-Based Software Vulnerability Analyses,"Nong, Yu, Fang, Richard, Yi, Guangbei, Zhao, Kunsong, Luo, Xiapu, Chen, Feng, Cai, Haipeng",https://doi.org/10.1145/3597503.3639116
True,2024,Comprehensive Semantic Repair of Obsolete GUI Test Scripts for Mobile Applications,"Cao, Shaoheng, Pan, Minxue, Pei, Yu, Yang, Wenhua, Zhang, Tian, Wang, Linzhang, Li, Xuandong",https://doi.org/10.1145/3597503.3639108
True,2024,Where is it? Tracing the Vulnerability-relevant Files from Vulnerability Reports,"Sun, Jiamou, Chen, Jieshan, Xing, Zhenchang, Lu, Qinghua, Xu, Xiwei, Zhu, Liming",https://doi.org/10.1145/3597503.3639202
True,2024,Are Prompt Engineering and TODO Comments Friends or Foes? An Evaluation on GitHub Copilot,"OBrien, David, Biswas, Sumon, Imtiaz, Sayem Mohammad, Abdalkareem, Rabe, Shihab, Emad, Rajan, Hridesh",https://doi.org/10.1145/3597503.3639176
True,2024,Pre-training by Predicting Program Dependencies for Vulnerability Analysis Tasks,"Liu, Zhongxin, Tang, Zhijie, Zhang, Junwei, Xia, Xin, Yang, Xiaohu",https://doi.org/10.1145/3597503.3639142
True,2024,Streamlining Java Programming: Uncovering Well-Formed Idioms with IdioMine,"Yang, Yanming, Hu, Xing, Xia, Xin, Lo, David, Yang, Xiaohu",https://doi.org/10.1145/3597503.3639135
True,2024,Fuzz4All: Universal Fuzzing with Large Language Models,"Xia, Chunqiu Steven, Paltenghi, Matteo, Le Tian, Jia, Pradel, Michael, Zhang, Lingming",https://doi.org/10.1145/3597503.3639121
True,2024,Testing the Limits: Unusual Text Inputs Generation for Mobile App Crash Detection with Large Language Model,"Liu, Zhe, Chen, Chunyang, Wang, Junjie, Chen, Mengzhuo, Wu, Boyu, Tian, Zhilin, Huang, Yuekai, Hu, Jun, Wang, Qing",https://doi.org/10.1145/3597503.3639118
True,2024,GPTScan: Detecting Logic Vulnerabilities in Smart Contracts by Combining GPT with Program Analysis,"Sun, Yuqiang, Wu, Daoyuan, Xue, Yue, Liu, Han, Wang, Haijun, Xu, Zhengzi, Xie, Xiaofei, Liu, Yang",https://doi.org/10.1145/3597503.3639117
True,2024,Are Your Requests Your True Needs? Checking Excessive Data Collection in VPA App,"Xie, Fuman, Yan, Chuan, Meng, Mark Huasong, Teng, Shaoming, Zhang, Yanjun, Bai, Guangdong",https://doi.org/10.1145/3597503.3639107
True,2024,Shedding Light on Software Engineering-specific Metaphors and Idioms,"Imran, Mia Mohammad, Chatterjee, Preetha, Damevski, Kostadin",https://doi.org/10.1145/3597503.3639585
True,2024,Uncovering the Causes of Emotions in Software Developer Communication Using Zero-shot LLMs,"Imran, Mia Mohammad, Chatterjee, Preetha, Damevski, Kostadin",https://doi.org/10.1145/3597503.3639223
True,2024,An Empirical Study on Noisy Label Learning for Program Understanding,"Wang, Wenhan, Li, Yanzhou, Li, Anran, Zhang, Jian, Ma, Wei, Liu, Yang",https://doi.org/10.1145/3597503.3639217
True,2024,Sedar: Obtaining High-Quality Seeds for DBMS Fuzzing via Cross-DBMS SQL Transfer,"Fu, Jingzhou, Liang, Jie, Wu, Zhiyong, Jiang, Yu",https://doi.org/10.1145/3597503.3639210
True,2024,Programming Assistant for Exception Handling with CodeBERT,"Cai, Yuchen, Yadavally, Aashish, Mishra, Abhishek, Montejo, Genesis, Nguyen, Tien",https://doi.org/10.1145/3597503.3639188
True,2024,GrammarT5: Grammar-Integrated Pretrained Encoder-Decoder Neural Model for Code,"Zhu, Qihao, Liang, Qingyuan, Sun, Zeyu, Xiong, Yingfei, Zhang, Lu, Cheng, Shengyu",https://doi.org/10.1145/3597503.3639125
True,2024,Knowledge Graph Driven Inference Testing for Question Answering Software,"Wang, Jun, Li, Yanhui, Chen, Zhifei, Chen, Lin, Zhang, Xiaofang, Zhou, Yuming",https://doi.org/10.1145/3597503.3639109
True,2024,"Out of Sight, Out of Mind: Better Automatic Vulnerability Repair by Broadening Input Ranges and Sources","Zhou, Xin, Kim, Kisub, Xu, Bowen, Han, Donggyun, Lo, David",https://doi.org/10.1145/3597503.3639222
True,2024,Rust-lancet: Automated Ownership-Rule-Violation Fixing with Behavior Preservation,"Yang, Wenzhang, Song, Linhai, Xue, Yinxing",https://doi.org/10.1145/3597503.3639103
True,2024,On Extracting Specialized Code Abilities from Large Language Models: A Feasibility Study,"Li, Zongjie, Wang, Chaozheng, Ma, Pingchuan, Liu, Chaowei, Wang, Shuai, Wu, Daoyuan, Gao, Cuiyun, Liu, Yang",https://doi.org/10.1145/3597503.3639091
True,2024,CoderEval: A Benchmark of Pragmatic Code Generation with Generative Pre-trained Models,"Yu, Hao, Shen, Bo, Ran, Dezhi, Zhang, Jiaxin, Zhang, Qi, Ma, Yuchi, Liang, Guangtai, Li, Ying, Wang, Qianxiang, Xie, Tao",https://doi.org/10.1145/3597503.3623316
True,2024,TRACED: Execution-aware Pre-training for Source Code,"Ding, Yangruibo, Steenhoek, Benjamin, Pei, Kexin, Kaiser, Gail, Le, Wei, Ray, Baishakhi",https://doi.org/10.1145/3597503.3608140
True,2024,Large Language Models are Few-Shot Summarizers: Multi-Intent Comment Generation via In-Context Learning,"Geng, Mingyang, Wang, Shangwen, Dong, Dezun, Wang, Haotian, Li, Ge, Jin, Zhi, Mao, Xiaoguang, Liao, Xiangke",https://doi.org/10.1145/3597503.3608134
True,2024,Prompting Is All You Need: Automated Android Bug Replay with Large Language Models,"Feng, Sidong, Chen, Chunyang",https://doi.org/10.1145/3597503.3608137
True,2024,Large Language Models for Test-Free Fault Localization,"Yang, Aidan Z. H., Le Goues, Claire, Martins, Ruben, Hellendoorn, Vincent",https://doi.org/10.1145/3597503.3623342
True,2024,Exploring the Potential of ChatGPT in Automated Code Refinement: An Empirical Study,"Guo, Qi, Cao, Junming, Xie, Xiaofei, Liu, Shangqing, Li, Xiaohong, Chen, Bihuan, Peng, Xin",https://doi.org/10.1145/3597503.3623306
True,2024,KnowLog: Knowledge Enhanced Pre-trained Language Model for Log Understanding,"Ma, Lipeng, Yang, Weidong, Xu, Bo, Jiang, Sihang, Fei, Ben, Liang, Jiaqing, Zhou, Mingjie, Xiao, Yanghua",https://doi.org/10.1145/3597503.3623304
True,2024,CrashTranslator: Automatically Reproducing Mobile Application Crashes Directly from Stack Trace,"Huang, Yuchao, Wang, Junjie, Liu, Zhe, Wang, Yawen, Wang, Song, Chen, Chunyang, Hu, Yuanzhe, Wang, Qing",https://doi.org/10.1145/3597503.3623298
True,2024,Domain Knowledge Matters: Improving Prompts with Fix Templates for Repairing Python Type Errors,"Peng, Yun, Gao, Shuzheng, Gao, Cuiyun, Huo, Yintong, Lyu, Michael",https://doi.org/10.1145/3597503.3608132
True,2024,Toward Automatically Completing GitHub Workflows,"Mastropaolo, Antonio, Zampetti, Fiorella, Bavota, Gabriele, Di Penta, Massimiliano",https://doi.org/10.1145/3597503.3623351
True,2024,Large Language Models are Edge-Case Generators: Crafting Unusual Programs for Fuzzing Deep Learning Libraries,"Deng, Yinlin, Xia, Chunqiu Steven, Yang, Chenyuan, Zhang, Shizhuo Dylan, Yang, Shujing, Zhang, Lingming",https://doi.org/10.1145/3597503.3623343
True,2024,UniLog: Automatic Logging via LLM and In-Context Learning,"Xu, Junjielong, Cui, Ziang, Zhao, Yuan, Zhang, Xu, He, Shilin, He, Pinjia, Li, Liqun, Kang, Yu, Lin, Qingwei, Dang, Yingnong, Rajmohan, Saravan, Zhang, Dongmei",https://doi.org/10.1145/3597503.3623326
True,2024,FAIR: Flow Type-Aware Pre-Training of Compiler Intermediate Representations,"Niu, Changan, Li, Chuanyi, Ng, Vincent, Lo, David, Luo, Bin",https://doi.org/10.1145/3597503.3608136
True,2024,EGFE: End-to-end Grouping of Fragmented Elements in UI Designs with Multimodal Learning,"Chen, Liuqing, Chen, Yunnong, Xiao, Shuhong, Song, Yaxuan, Sun, Lingyun, Zhen, Yankun, Zhou, Tingting, Chang, Yanfang",https://doi.org/10.1145/3597503.3623313
True,2024,Out of Context: How important is Local Context in Neural Program Repair?,"Prenner, Julian Aron, Robbes, Romain",https://doi.org/10.1145/3597503.3639086
True,2024,Language Models for Code Completion: A Practical Evaluation,"Izadi, Maliheh, Katzy, Jonathan, Van Dam, Tim, Otten, Marc, Popescu, Razvan Mihai, Van Deursen, Arie",https://doi.org/10.1145/3597503.3639138
True,2024,Learning-based Widget Matching for Migrating GUI Test Cases,"Zhang, Yakun, Zhang, Wenjie, Ran, Dezhi, Zhu, Qihao, Dou, Chengfeng, Hao, Dan, Xie, Tao, Zhang, Lu",https://doi.org/10.1145/3597503.3623322
True,2024,Fine-SE: Integrating Semantic Features and Expert Features for Software Effort Estimation,"Li, Yue, Ren, Zhong, Wang, Zhiqi, Yang, Lanxin, Dong, Liming, Zhong, Chenxing, Zhang, He",https://doi.org/10.1145/3597503.3623349
True,2024,On Using GUI Interaction Data to Improve Text Retrieval-based Bug Localization,"Mahmud, Junayed, De Silva, Nadeeshan, Khan, Safwat Ali, Mostafavi, Seyed Hooman, Mansur, S M Hasan, Chaparro, Oscar, Marcus, Andrian (Andi), Moran, Kevin",https://doi.org/10.1145/3597503.3608139
True,2024,Traces of Memorisation in Large Language Models for Code,"Al-Kaswan, Ali, Izadi, Maliheh, van Deursen, Arie",https://doi.org/10.1145/3597503.3639133
True,2024,Unveiling Memorization in Code Models,"Yang, Zhou, Zhao, Zhipeng, Wang, Chenyu, Shi, Jieke, Kim, Dongsun, Han, Donggyun, Lo, David",https://doi.org/10.1145/3597503.3639074
True,2025,Show Me Your Code! Kill Code Poisoning: A Lightweight Method Based on Code Naturalness,"Sun, Weisong, Chen, Yuchen, Yuan, Mengzhe, Fang, Chunrong, Chen, Zhenpeng, Wang, Chong, Liu, Yang, Xu, Baowen, Chen, Zhenyu",https://doi.org/10.1109/ICSE55347.2025.00247
True,2025,Test Intention Guided LLM-Based Unit Test Generation,"Nan, Zifan, Guo, Zhaoqiang, Liu, Kui, Xia, Xin",https://doi.org/10.1109/ICSE55347.2025.00243
True,2025,NIODebugger: A Novel Approach to Repair Non-Idempotent-Outcome Tests with LLM-Based Agent,"Ke, Kaiyao",https://doi.org/10.1109/ICSE55347.2025.00226
True,2025,Intention is All You Need: Refining Your Code from Your Intention,"Guo, Qi, Xie, Xiaofei, Liu, Shangqing, Hu, Ming, Li, Xiaohong, Bu, Lei",https://doi.org/10.1109/ICSE55347.2025.00191
True,2025,A Multi-Agent Approach for REST API Testing with Semantic Graphs and LLM-Driven Inputs,"Kim, Myeongsoo, Stennett, Tyler, Sinha, Saurabh, Orso, Alessandro",https://doi.org/10.1109/ICSE55347.2025.00179
True,2025,Enhancing Code Generation via Bidirectional Comment-Level Mutual Grounding,"Di, Yifeng, Zhang, Tianyi",https://doi.org/10.1109/ICSE55347.2025.00165
True,2025,Feature-Driven End-to-End Test Generation,"Alian, Parsa, Nashid, Noor, Shahbandeh, Mobina, Shabani, Taha, Mesbah, Ali",https://doi.org/10.1109/ICSE55347.2025.00141
True,2025,Fixing Large Language Models' Specification Misunderstanding for Better Code Generation,"Tian, Zhao, Chen, Junjie, Zhang, Xiangyu",https://doi.org/10.1109/ICSE55347.2025.00108
True,2025,What You See Is What You Get: Attention-Based Self-Guided Automatic Unit Test Generation,"Yin, Xin, Ni, Chao, Xu, Xiaodan, Yang, Xiaohu",https://doi.org/10.1109/ICSE55347.2025.00105
True,2025,LiCoEval: Evaluating LLMs on License Compliance in Code Generation,"Xu, Weiwei, Gao, Kai, He, Hao, Zhou, Minghui",https://doi.org/10.1109/ICSE55347.2025.00052
True,2025,Code Comment Inconsistency Detection and Rectification Using a Large Language Model,"Rong, Guoping, Yu, Yongda, Liu, Song, Tan, Xin, Zhang, Tianyi, Shen, Haifeng, Hu, Jidong",https://doi.org/10.1109/ICSE55347.2025.00035
True,2025,Template-Guided Program Repair in the Era of Large Language Models,"Huang, Kai, Zhang, Jian, Meng, Xiangxin, Liu, Yang",https://doi.org/10.1109/ICSE55347.2025.00030
True,2025,Towards Better Answers: Automated Stack Overflow Post Updating,"Mai, Yubo, Gao, Zhipeng, Wang, Haoye, Bi, Tingting, Hu, Xing, Xia, Xin, Sun, Jianling",https://doi.org/10.1109/ICSE55347.2025.00024
True,2025,LLM Assistance for Memory Safety,"Mohammed, Nausheen, Lal, Akash, Rastogi, Aseem, Sharma, Rahul, Roy, Subhajit",https://doi.org/10.1109/ICSE55347.2025.00023
True,2025,Reasoning Runtime Behavior of a Program with LLM: How Far Are We?,"Chen, Junkai, Pan, Zhiyuan, Hu, Xing, Li, Zhenhao, Li, Ge, Xia, Xin",https://doi.org/10.1109/ICSE55347.2025.00012
True,2025,Dockerfile Flakiness: Characterization and Repair,"Shabani, Taha, Nashid, Noor, Alian, Parsa, Mesbah, Ali",https://doi.org/10.1109/ICSE55347.2025.00238
True,2025,InterTrans: Leveraging Transitive Intermediate Translations to Enhance LLM-Based Code Translation,"Macedo, Marcos, Tian, Yuan, Nie, Pengyu, Cogo, Filipe R., Adams, Bram",https://doi.org/10.1109/ICSE55347.2025.00236
True,2025,Towards Understanding the Characteristics of Code Generation Errors Made by Large Language Models,"Wang, Zhijie, Zhou, Zijie, Song, Da, Huang, Yuheng, Chen, Shengmai, Ma, Lei, Zhang, Tianyi",https://doi.org/10.1109/ICSE55347.2025.00180
True,2025,Boosting Static Resource Leak Detection via LLM-Based Resource-Oriented Intention Inference,"Wang, Chong, Liu, Jianan, Peng, Xin, Liu, Yang, Lou, Yiling",https://doi.org/10.1109/ICSE55347.2025.00131
True,2025,Repository-Level Graph Representation Learning for Enhanced Security Patch Detection,"Wen, Xin-Cheng, Lin, Zirui, Gao, Cuiyun, Zhang, Hongyu, Wang, Yong, Liao, Qing",https://doi.org/10.1109/ICSE55347.2025.00121
True,2025,"Software Model Evolution with Large Language Models: Experiments on Simulated, Public, and Industrial Datasets","Tinnes, Christof, Welter, Alisa, Apel, Sven",https://doi.org/10.1109/ICSE55347.2025.00112
True,2025,An Empirical Study on Commit Message Generation Using LLMs via In-Context Learning,"Wu, Yifan, Wang, Yunpeng, Li, Ying, Tao, Wei, Yu, Siyu, Yang, Haowen, Jiang, Wei, Li, Jianguo",https://doi.org/10.1109/ICSE55347.2025.00091
True,2025,Unseen Horizons: Unveiling the Real Capability of LLM Code Generation Beyond the Familiar,"Zhang, Yuanliang, Xie, Yifan, Li, Shanshan, Liu, Ke, Wang, Chong, Jia, Zhouyang, Huang, Xiangbing, Song, Jie, Luo, Chaopeng, Zheng, Zhizheng, Xu, Rulin, Liu, Yitong, Zheng, Si, Liao, Xiangke",https://doi.org/10.1109/ICSE55347.2025.00082
True,2025,RustAssistant: Using LLMs to Fix Compilation Errors in Rust Code,"Deligiannis, Pantazis, Lal, Akash, Mehrotra, Nikita, Poddar, Rishi, Rastogi, Aseem",https://doi.org/10.1109/ICSE55347.2025.00022
True,2025,GVI: Guided Vulnerability Imagination for Boosting Deep Vulnerability Detectors,"Yong, Heng, Li, Zhong, Pan, Minxue, Zhang, Tian, Zhao, Jianhua, Li, Xuandong",https://doi.org/10.1109/ICSE55347.2025.00214
True,2025,LiSSA: Toward Generic Traceability Link Recovery through Retrieval-Augmented Generation,Fuch\ss{,https://doi.org/10.1109/ICSE55347.2025.00186
True,2025,Aligning the Objective of LLM-Based Program Repair,"Xu, Junjielong, Fu, Ying, Tan, Shin Hwei, He, Pinjia",https://doi.org/10.1109/ICSE55347.2025.00169
True,2025,LibreLog: Accurate and Efficient Unsupervised Log Parsing Using Open-Source Large Language Models,"Ma, Zeyang, Kim, Dong Jae, Chen, Tse-Hsun (Peter)",https://doi.org/10.1109/ICSE55347.2025.00103
True,2025,An Empirical Study on Automatically Detecting AI-Generated Source Code: How Far Are We?,"Suh, Hyunjae, Tafreshipour, Mahan, Li, Jiawei, Bhattiprolu, Adithya, Ahmed, Iftekhar",https://doi.org/10.1109/ICSE55347.2025.00064
True,2025,Model Editing for LLMs4Code: How Far are We?,"Li, Xiaopeng, Wang, Shangwen, Li, Shasha, Ma, Jun, Yu, Jie, Liu, Xiaodong, Wang, Jing, Ji, Bin, Zhang, Weimin",https://doi.org/10.1109/ICSE55347.2025.00049
True,2025,Context Conquers Parameters: Outperforming Proprietary LLM in Commit Message Generation,"Imani, Aaron, Ahmed, Iftekhar, Moshirpour, Mohammad",https://doi.org/10.1109/ICSE55347.2025.00048
True,2025,LLMs Meet Library Evolution: Evaluating Deprecated API Usage in LLM-Based Code Completion,"Wang, Chong, Huang, Kaifeng, Zhang, Jian, Feng, Yebo, Zhang, Lyuye, Liu, Yang, Peng, Xin",https://doi.org/10.1109/ICSE55347.2025.00245
True,2025,HumanEvo: An Evolution-Aware Benchmark for More Realistic Evaluation of Repository-Level Code Generation,"Zheng, Dewu, Wang, Yanlin, Shi, Ensheng, Zhang, Ruikai, Ma, Yuchi, Zhang, Hongyu, Zheng, Zibin",https://doi.org/10.1109/ICSE55347.2025.00228
True,2025,Large Language Models for Safe Minimization,"Yadavally, Aashish, Rong, Xiaokai, Nguyen, Phat, Nguyen, Tien N.",https://doi.org/10.1109/ICSE55347.2025.00203
True,2025,Ranking Relevant Tests for Order-Dependent Flaky Tests,"Rahman, Shanto, Chanumolu, Bala Naren, Rafi, Suzzana, Shi, August, Lam, Wing",https://doi.org/10.1109/ICSE55347.2025.00178
True,2025,Towards More Trustworthy Deep Code Models by Enabling Out-of-Distribution Detection,"Yan, Yanfu, Duong, Viet, Shao, Huajie, Poshyvanyk, Denys",https://doi.org/10.1109/ICSE55347.2025.00177
True,2025,Leveraging Large Language Models to Detect npm Malicious Packages,"Zahan, Nusrat, Burckhardt, Philipp, Lysenko, Mikola, Aboukhadijeh, Feross, Williams, Laurie",https://doi.org/10.1109/ICSE55347.2025.00146
True,2025,Similar but Patched Code Considered Harmful: The Impact of Similar but Patched Code on Recurring Vulnerability Detection and How to Remove Them,"Tan, Zixuan, Zhou, Jiayuan, Hu, Xing, Pan, Shengyi, Liu, Kui, Xia, Xin",https://doi.org/10.1109/ICSE55347.2025.00110
True,2025,Rug: Turbo LLM for Rust Unit Test Generation,"Cheng, Xiang, Sang, Fan, Zhai, Yizhuo, Zhang, Xiaokuan, Kim, Taesoo",https://doi.org/10.1109/ICSE55347.2025.00097
True,2025,SpecRover: Code Intent Extraction via LLMs,"Ruan, Haifeng, Zhang, Yuntong, Roychoudhury, Abhik",https://doi.org/10.1109/ICSE55347.2025.00080
True,2025,Your Fix Is My Exploit: Enabling Comprehensive DL Library API Fuzzing with Large Language Models,"Zhang, Kunpeng, Wang, Shuai, Han, Jitao, Zhu, Xiaogang, Li, Xian, Wang, Shaohua, Wen, Sheng",https://doi.org/10.1109/ICSE55347.2025.00041
True,2025,Hyperion: Unveiling DApp Inconsistencies Using LLM and Dataflow-Guided Symbolic Execution,"Yang, Shuo, Lin, Xingwei, Chen, Jiachi, Zhong, Qingyuan, Xiao, Lei, Huang, Renke, Wang, Yanlin, Zheng, Zibin",https://doi.org/10.1109/ICSE55347.2025.00015
True,2025,LWDIFF: An LLM-Assisted Differential Testing Framework for WebAssembly Runtimes,"Zhou, Shiyao, Wang, Jincheng, Ye, He, Zhou, Hao, Goues, Claire Le, Luo, Xiapu",https://doi.org/10.1109/ICSE55347.2025.00233
True,2025,The Fact Selection Problem in LLM-Based Program Repair,"Parasaram, Nikhil, Yan, Huijie, Yang, Boyu, Flahy, Zineb, Qudsi, Abriele, Ziaber, Damian, Barr, Earl T., Mechtaev, Sergey",https://doi.org/10.1109/ICSE55347.2025.00162
True,2025,Rango: Adaptive Retrieval-Augmented Proving for Automated Software Verification,"Thompson, Kyle, Saavedra, Nuno, Carrott, Pedro, Fisher, Kevin, Sanchez-Stern, Alex, Brun, Yuriy, Ferreira, Jo\~{a",https://doi.org/10.1109/ICSE55347.2025.00161
True,2025,"RepairAgent: An Autonomous, LLM-Based Agent for Program Repair","Bouzenia, Islem, Devanbu, Premkumar, Pradel, Michael",https://doi.org/10.1109/ICSE55347.2025.00157
True,2025,ChatGPT Inaccuracy Mitigation during Technical Report Understanding: Are We There Yet?,"Tamanna, Salma Begum, Uddin, Gias, Wang, Song, Xia, Lan, Zhang, Longyu",https://doi.org/10.1109/ICSE55347.2025.00145
True,2025,DesignRepair: Dual-Stream Design Guideline-Aware Frontend Repair with Large Language Models,"Yuan, Mingyue, Chen, Jieshan, Xing, Zhenchang, Quigley, Aaron, Luo, Yuyu, Luo, Tianqi, Mohammadi, Gelareh, Lu, Qinghua, Zhu, Liming",https://doi.org/10.1109/ICSE55347.2025.00109
True,2025,Neurosymbolic Modular Refinement Type Inference,"Sakkas, Georgios, Sahu, Pratyush, Ong, Kyeling, Jhala, Ranjit",https://doi.org/10.1109/ICSE55347.2025.00090
True,2025,Calibration and Correctness of Language Models for Code,"Spiess, Claudio, Gros, David, Pai, Kunal Suresh, Pradel, Michael, Rabin, Md Rafiqul Islam, Alipour, Amin, Jha, Susmit, Devanbu, Prem, Ahmed, Toufique",https://doi.org/10.1109/ICSE55347.2025.00040
True,2025,Vulnerability Detection with Code Language Models: How Far Are We?,"Ding, Yangruibo, Fu, Yanjun, Ibrahim, Omniyyah, Sitawarin, Chawin, Chen, Xinyun, Alomair, Basel, Wagner, David, Ray, Baishakhi, Chen, Yizheng",https://doi.org/10.1109/ICSE55347.2025.00038
True,2025,Combining Fine-Tuning and LLM-Based Agents for Intuitive Smart Contract Auditing with Justifications,"Ma, Wei, Wu, Daoyuan, Sun, Yuqiang, Wang, Tianwen, Liu, Shangqing, Zhang, Jian, Xue, Yue, Liu, Yang",https://doi.org/10.1109/ICSE55347.2025.00027
True,2025,Large Language Models as Configuration Validators,"Lian, Xinyu, Chen, Yinfang, Cheng, Runxiang, Huang, Jie, Thakkar, Parth, Zhang, Minjia, Xu, Tianyin",https://doi.org/10.1109/ICSE55347.2025.00017
True,2025,Towards Neural Synthesis for SMT-Assisted Proof-Oriented Programming,"Chakraborty, Saikat, Ebner, Gabriel, Bhat, Siddharth, Fakhoury, Sarah, Fatima, Sakina, Lahiri, Shuvendu, Swamy, Nikhil",https://doi.org/10.1109/ICSE55347.2025.00002
True,2025,Knowledge-Enhanced Program Repair for Data Science Code,"Ouyang, Shuyin, Zhang, Jie M., Sun, Zeyu, Penuela, Albert Merono",https://doi.org/10.1109/ICSE55347.2025.00246
True,2025,FixDrive: Automatically Repairing Autonomous Vehicle Driving Behaviour for $0.08 per Violation,"Sun, Yang, Poskitt, Christopher M., Wang, Kun, Sun, Jun",https://doi.org/10.1109/ICSE55347.2025.00216
True,2025,Automating a Complete Software Test Process Using LLMs: An Automotive Case Study,"Wang, Shuai, Yu, Yinan, Feldt, Robert, Parthasarathy, Dhasarathy",https://doi.org/10.1109/ICSE55347.2025.00211
True,2025,ChatGPT-Based Test Generation for Refactoring Engines Enhanced by Feature Analysis on Examples,"Dong, Chunhao, Jiang, Yanjie, Zhang, Yuxia, Zhang, Yang, Liu, Hui",https://doi.org/10.1109/ICSE55347.2025.00210
True,2025,ClozeMaster: Fuzzing Rust Compiler by Harnessing LLMs for Infilling Masked Real Programs,"Gao, Hongyan, Yang, Yibiao, Sun, Maolin, Wu, Jiangchang, Zhou, Yuming, Xu, Baowen",https://doi.org/10.1109/ICSE55347.2025.00175
True,2025,SOEN-101: Code Generation by Emulating Software Process Models Using Large Language Model Agents,"Lin, Feng, Kim, Dong Jae, Chen, Tse-Hsun (Peter)",https://doi.org/10.1109/ICSE55347.2025.00140
True,2025,ROCODE: Integrating Backtracking Mechanism and Program Analysis in Large Language Models for Code Generation,"Jiang, Xue, Dong, Yihong, Tao, Yongding, Liu, Huanyu, Jin, Zhi, Li, Ge",https://doi.org/10.1109/ICSE55347.2025.00133
True,2025,The Seeds of the FUTURE Sprout from History: Fuzzing for Unveiling Vulnerabilities in Prospective Deep-Learning Libraries,"Li, Zhiyuan, Wu, Jingzheng, Ling, Xiang, Luo, Tianyue, Rui, Zhiqing, Wu, Yanjun",https://doi.org/10.1109/ICSE55347.2025.00132
True,2025,Planning a Large Language Model for Static Detection of Runtime Errors in Code Snippets,"Patel, Smit, Yadavally, Aashish, Dhulipala, Hridya, Nguyen, Tien N.",https://doi.org/10.1109/ICSE55347.2025.00102
True,2025,An LLM-Based Agent-Oriented Approach for Automated Code Design Issue Localization,"Batole, Fraol, OBrien, David, Nguyen, Tien N., Dyer, Robert, Rajan, Hridesh",https://doi.org/10.1109/ICSE55347.2025.00100
True,2025,Iterative Generation of Adversarial Example for Deep Code Models,"Huang, Li, Sun, Weifeng, Yan, Meng",https://doi.org/10.1109/ICSE55347.2025.00086
True,2025,RLCoder: Reinforcement Learning for Repository-Level Code Completion,"Wang, Yanlin, Wang, Yanli, Guo, Daya, Chen, Jiachi, Zhang, Ruikai, Ma, Yuchi, Zheng, Zibin",https://doi.org/10.1109/ICSE55347.2025.00014
True,2025,Metamorphic-Based Many-Objective Distillation of LLMs for Code-Related Tasks,"Panichella, Annibale",https://doi.org/10.1109/ICSE55347.2025.00230
True,2025,Treefix: Enabling Execution with a Tree of Prefixes,"Souza, Beatriz, Pradel, Michael",https://doi.org/10.1109/ICSE55347.2025.00215
True,2025,Understanding the Effectiveness of Coverage Criteria for Large Language Models: A Special Angle from Jailbreak Attacks,"Zhou, Shide, Li, Tianlin, Wang, Kailong, Huang, Yihao, Shi, Ling, Liu, Yang, Wang, Haoyu",https://doi.org/10.1109/ICSE55347.2025.00209
True,2025,exLong: Generating Exceptional Behavior Tests with Large Language Models,"Zhang, Jiyang, Liu, Yu, Nie, Pengyu, Li, Junyi Jessy, Gligoric, Milos",https://doi.org/10.1109/ICSE55347.2025.00176
True,2025,Unleashing the True Potential of Semantic-Based Log Parsing with Pre-Trained Language Models,"Le, Van-Hoang, Xiao, Yi, Zhang, Hongyu",https://doi.org/10.1109/ICSE55347.2025.00174
True,2025,LLM Based Input Space Partitioning Testing for Library APIs,"Li, Jiageng, Dong, Zhen, Wang, Chong, You, Haozhen, Zhang, Cen, Liu, Yang, Peng, Xin",https://doi.org/10.1109/ICSE55347.2025.00153
True,2025,Instruct or Interact? Exploring and Eliciting LLMs' Capability in Code Snippet Adaptation through Prompt Engineering,"Zhang, Tanghaoran, Yu, Yue, Mao, Xinjun, Wang, Shangwen, Yang, Kang, Lu, Yao, Zhang, Zhang, Zhao, Yuxin",https://doi.org/10.1109/ICSE55347.2025.00104
True,2025,TOGLL: Correct and Strong Test Oracle Generation with LLMs,"Hossain, Soneya Binta, Dwyer, Matthew B.",https://doi.org/10.1109/ICSE55347.2025.00098
True,2025,BDefects4NN: A Backdoor Defect Database for Controlled Localization Studies in Neural Networks,"Xiao, Yisong, Liu, Aishan, Zhang, Xinwei, Zhang, Tianyuan, Li, Tianlin, Liang, Siyuan, Liu, Xianglong, Liu, Yang, Tao, Dacheng",https://doi.org/10.1109/ICSE55347.2025.00069
True,2025,Automated Generation of Accessibility Test Reports from Recorded User Transcripts,"Huq, Syed Fatiul, Tafreshipour, Mahan, Kalcevich, Kate, Malek, Sam",https://doi.org/10.1109/ICSE55347.2025.00043
True,2025,Source Code Summarization in the Era of Large Language Models,"Sun, Weisong, Miao, Yun, Li, Yuekang, Zhang, Hongyu, Fang, Chunrong, Liu, Yi, Deng, Gelei, Liu, Yang, Chen, Zhenyu",https://doi.org/10.1109/ICSE55347.2025.00034
True,2025,Search-Based LLMs for Code Optimization,"Gao, Shuzheng, Gao, Cuiyun, Gu, Wenchao, Lyu, Michael R.",https://doi.org/10.1109/ICSE55347.2025.00021
True,2025,Prompt-to-SQL Injections in LLM-Integrated Web Applications: Risks and Defenses,"Pedro, Rodrigo, Coimbra, Miguel E., Castro, Daniel, Carreira, Paulo, Santos, Nuno",https://doi.org/10.1109/ICSE55347.2025.00007
True,2025,Between Lines of Code: Unraveling the Distinct Patterns of Machine and Human Programmers,"Shi, Yuling, Zhang, Hongyu, Wan, Chengcheng, Gu, Xiaodong",https://doi.org/10.1109/ICSE55347.2025.00005
True,2025,COCA: Generative Root Cause Analysis for Distributed Systems with Code Knowledge,"Li, Yichen, Wu, Yulun, Liu, Jinyang, Jiang, Zhihan, Chen, Zhuangbin, Yu, Guangba, Lyu, Michael R.",https://doi.org/10.1109/ICSE55347.2025.00234
True,2025,LLM-Aided Automatic Modeling for Security Protocol Verification,"Mao, Ziyu, Wang, Jingyi, Sun, Jun, Qin, Shengchao, Xiong, Jiawen",https://doi.org/10.1109/ICSE55347.2025.00197
True,2025,3DGen: AI-Assisted Generation of Provably Correct Binary Format Parsers,"Fakhoury, Sarah, Kuppe, Markus, Lahiri, Shuvendu K., Ramananandro, Tahina, Swamy, Nikhil",https://doi.org/10.1109/ICSE55347.2025.00173
True,2025,SpecGen: Automated Generation of Formal Program Specifications via Large Language Models,"Ma, Lezhi, Liu, Shangqing, Li, Yi, Xie, Xiaofei, Bu, Lei",https://doi.org/10.1109/ICSE55347.2025.00129
True,2025,Can an LLM Find Its Way around a Spreadsheet?,"Lee, Cho-Ting, Neeser, Andrew, Xu, Shengzhe, Katyan, Jay, Cross, Patrick, Pathakota, Sharanya, Norman, Marigold, Simeone, John, Chandrasekaran, Jaganmohan, Ramakrishnan, Naren",https://doi.org/10.1109/ICSE55347.2025.00101
True,2025,Revisiting Unnaturalness for Automated Program Repair in the Era of Large Language Models,"Yang, Aidan Z. H., Kolak, Sophia, Hellendoorn, Vincent, Martins, Ruben, Goues, Claire Le",https://doi.org/10.1109/ICSE55347.2025.00089
True,2025,TIGER: A Generating-Then-Ranking Framework for Practical Python Type Inference,"Wang, Chong, Zhang, Jian, Lou, Yiling, Liu, Mingwei, Sun, Weisong, Liu, Yang, Peng, Xin",https://doi.org/10.1109/ICSE55347.2025.00019
True,2025,A Multiple Representation Transformer with Optimized Abstract Syntax Tree for Efficient Code Clone Detection,"Yu, Tianchen, Yuan, Li, Lin, Liannan, He, Hongkui",https://doi.org/10.1109/ICSE55347.2025.00050
True,2025,Decoding Secret Memorization in Code LLMs Through Token-Level Characterization,"Nie, Yuqing, Wang, Chong, Wang, Kailong, Xu, Guoai, Xu, Guosheng, Wang, Haoyu",https://doi.org/10.1109/ICSE55347.2025.00229
False,2023,MTTM: Metamorphic Testing for Textual Content Moderation Software,"Wang, Wenxuan, Huang, Jen-tse, Wu, Weibin, Zhang, Jianping, Huang, Yizhan, Li, Shuqing, He, Pinjia, Lyu, Michael R.",https://doi.org/10.1109/ICSE48619.2023.00200
False,2023,Fonte: Finding Bug Inducing Commits from Failures,"An, Gabin, Hong, Jingun, Kim, Naryeong, Yoo, Shin",https://doi.org/10.1109/ICSE48619.2023.00059
False,2025,CodeImprove: Program Adaptation for Deep Code Models,"Rathnasuriya, Ravishka, Zhao, Zijie, Yang, Wei",https://doi.org/10.1109/ICSE55347.2025.00139
